"Project Number","Project Fund Source","Award Type","Number_of_Project_as_Principal_Investigator","Total_project_person","Project_duration","Academic_Semester","Project Funding Amount","Expense_starting_days","Reduced_FA","subawards subcontracts","Approval_Required","Chemical_or_Hazard","Foreign_Involvement","Technology_or_IP_Involved"
"230066A0002","Federal","Research - Sponsored",1,5,1505,"Summer",129493.23,286,"Reduced Indirect Cost On Campus","No","Unknown","No","No","No"
"230446A0002","State","Research - Sponsored",1,5,1095,"Fall",120000,936,"No Reduction","No","Unknown","No","No","No"
"230589A0002","Federal","Research - Sponsored",11,4,1067,"Spring",32000,5,"Reduced Indirect Cost On Campus","No","Yes","No","No","No"
"230620A0002","State","Research - Sponsored",10,6,913,"Summer",50436,152,"Reduced Indirect Cost On Campus","No","Unknown","No","No","No"
"230856A0002","State","Others",2,3,1095,"Summer",285000,30,"Reduced Indirect Cost On Campus","No","Unknown","No","No","No"
"230861A0004","State","Others",3,5,325,"Summer",65000,52,"No Reduction","No","Unknown","No","No","No"
"231165A0003","Others","Research - Sponsored",3,4,730,"Spring",348128,0,"Reduced Indirect Cost Off Campus","No","Unknown","No","No","No"
"231173A0002","State","Others",13,5,365,"Spring",107870,12,"No Reduction","No","Unknown","No","No","No"
"231252A0002","State","Others",4,8,729,"Summer",20000,14,"Reduced Indirect Cost On Campus","No","Yes","Yes","No","No"
"231279A0002","State","Others",2,3,649,"Fall",120000,8,"Reduced Indirect Cost On Campus","No","Unknown","No","No","No"
"231300A0002","State","Others",3,7,729,"Summer",263830,14,"Reduced Indirect Cost On Campus","No","Unknown","Yes","No","No"
"231454A0004","State","Others",32,8,364,"Fall",35492.78,30,"Reduced Indirect Cost Off Campus","No","Unknown","No","No","No"
"231497A0002","Others","Others",12,5,730,"Fall",276940,354,"Reduced Indirect Cost On Campus","No","Unknown","No","No","No"
"231520A0001","Federal","Research - Sponsored",1,3,1095,"Spring",214451,114,"No Reduction","No","Unknown","No","No","No"
"231523A0001","Others","Research - Sponsored",2,5,760,"Spring",427191,60,"No Reduction","No","Yes","No","No","No"
"231542A0001","Federal","Research - Sponsored",1,4,364,"Summer",183817,30,"No Reduction","Yes","Yes","No","No","No"
"231567A0001","Others","Research - Sponsored",1,4,818,"Summer",267510,94,"Reduced Indirect Cost On Campus","No","Unknown","No","No","No"
"231578A0002","State","Others",13,9,396,"Spring",259000,62,"No Reduction","No","Unknown","No","No","No"
"231589A0001","Federal","Research - Sponsored",5,7,1090,"Summer",20000,59,"Reduced Indirect Cost Off Campus","No","Unknown","No","No","No"
"231590A0001","Federal","Research - Sponsored",1,6,1125,"Summer",473772,11,"No Reduction","No","Unknown","No","No","No"
"231592A0001","Federal","Research - Sponsored",3,5,729,"Spring",397375,15,"No Reduction","No","Yes","No","No","No"
"231604A0001","Federal","Research - Sponsored",1,6,777,"Summer",62151.53,7,"Reduced Indirect Cost On Campus","No","Unknown","No","No","No"
"231616A0001","Others","Research - Sponsored",1,3,714,"Fall",51000,101,"Reduced Indirect Cost On Campus","No","Unknown","No","No","No"
"231617A0002","State","Others",4,4,348,"Summer",185670,214,"No Reduction","No","Unknown","No","No","No"
"231618A0001","State","Others",3,4,667,"Fall",283426,0,"No Reduction","No","Yes","No","No","No"
"231620A0001","Federal","Research - Sponsored",6,9,729,"Fall",8997490,30,"No Reduction","Yes","Unknown","No","No","No"
"231664A0001","Federal","Others",3,4,1826,"Fall",20000,41,"Reduced Indirect Cost Off Campus","No","Unknown","No","No","No"
"231667A0001","Federal","Research - Sponsored",1,5,820,"Spring",648931,15,"No Reduction","Yes","Yes","No","No","No"
"231681A0001","Federal","Others",2,5,1363,"Summer",75000,4,"Reduced Indirect Cost On Campus","No","Unknown","No","No","No"
"231712A0002","State","Research - Sponsored",12,4,306,"Summer",24450,64,"Reduced Indirect Cost On Campus","No","Unknown","No","No","No"
"231713A0002","State","Research - Sponsored",12,4,306,"Summer",7500,3,"Reduced Indirect Cost On Campus","No","Unknown","No","No","No"
"231723A0001","Others","Others",8,9,730,"Summer",23398.76,273,"No Reduction","No","Unknown","No","No","No"
"231743A0003","State","Others",3,3,364,"Summer",110000,31,"No Reduction","No","Unknown","No","No","No"
"231764A0001","Others","Research - Sponsored",6,10,730,"Fall",202836,152,"No Reduction","No","Unknown","No","No","Yes"
"231771A0003","Others","Research - Sponsored",3,10,507,"Spring",81816,142,"No Reduction","No","Unknown","No","Yes","No"
"231771A0005","Others","Research - Sponsored",3,6,324,"Fall",104779,51,"No Reduction","No","Unknown","No","Yes","No"
"231807A0001","Federal","Research - Sponsored",2,4,1826,"Spring",252216,122,"Reduced Indirect Cost On Campus","No","Yes","No","No","No"
"231818A0001","Federal","Research - Sponsored",4,3,730,"Fall",117923,236,"No Reduction","No","Unknown","No","No","No"
"231827A0001","Federal","Research - Sponsored",10,8,730,"Fall",998587,34,"No Reduction","Yes","Unknown","No","No","Yes"
"231837A0001","Federal","Research - Sponsored",6,3,730,"Summer",400000,60,"No Reduction","No","Unknown","No","No","No"
"231838A0001","Federal","Research - Sponsored",1,4,730,"Summer",171094,61,"No Reduction","No","Unknown","No","Yes","No"
"231841A0001","Others","Research - Sponsored",2,5,1081,"Fall",50000,624,"No Reduction","No","Unknown","No","No","No"
"231853A0001","State","Research - Sponsored",29,3,914,"Summer",5000,48,"Reduced Indirect Cost On Campus","No","Yes","No","No","No"
"231854A0001","State","Research - Sponsored",29,3,914,"Summer",165000,30,"Reduced Indirect Cost On Campus","No","Yes","No","No","No"
"231855A0001","State","Research - Sponsored",29,3,914,"Summer",225000,31,"Reduced Indirect Cost On Campus","No","Yes","No","No","No"
"231856A0001","State","Research - Sponsored",29,3,914,"Summer",10000,284,"Reduced Indirect Cost On Campus","No","Yes","No","No","No"
"231858A0001","State","Research - Sponsored",29,3,914,"Summer",10000,335,"Reduced Indirect Cost On Campus","No","Unknown","No","No","No"
"231861A0001","State","Research - Sponsored",2,4,914,"Summer",2000,282,"Reduced Indirect Cost On Campus","No","Unknown","No","No","No"
"231862A0001","State","Research - Sponsored",29,3,914,"Summer",10000,24,"Reduced Indirect Cost On Campus","No","Yes","No","No","No"
"231886A0001","State","Research - Sponsored",12,3,914,"Summer",15000,287,"Reduced Indirect Cost On Campus","No","Yes","No","No","No"
"231887A0002","State","Research - Sponsored",29,3,364,"Fall",34500,24,"Reduced Indirect Cost On Campus","No","Yes","No","No","No"
"231909A0002","State","Research - Sponsored",24,5,1644,"Summer",5000,9,"Reduced Indirect Cost On Campus","No","Yes","No","No","No"
"231910A0002","State","Research - Sponsored",24,5,913,"Summer",10000,183,"Reduced Indirect Cost On Campus","No","Unknown","No","No","No"
"231915A0002","State","Research - Sponsored",24,5,1644,"Summer",5000,170,"Reduced Indirect Cost On Campus","No","Yes","No","No","No"
"231916A0002","State","Research - Sponsored",24,5,1644,"Summer",40000,42,"Reduced Indirect Cost On Campus","No","Yes","No","No","No"
"231919A0001","Federal","Others",11,8,1826,"Fall",400000,122,"Reduced Indirect Cost On Campus","No","Unknown","No","No","Yes"
"231924A0001","State","Research - Sponsored",3,4,1374,"Fall",2100000,5,"No Reduction","No","Unknown","No","No","No"
"231932A0002","State","Research - Sponsored",10,5,913,"Summer",10200,42,"Reduced Indirect Cost On Campus","No","Yes","No","No","No"
"231944A0001","Others","Others",1,3,633,"Fall",77507,6,"No Reduction","No","Unknown","No","No","No"
"231951A0001","Others","Research - Sponsored",4,3,731,"Summer",400390.09,40,"No Reduction","No","Unknown","No","No","No"
"240006A0001","Federal","Research - Sponsored",5,5,1825,"Spring",385828,14,"No Reduction","No","Unknown","No","No","No"
"240007A0002","State","Others",4,3,364,"Summer",51840,91,"No Reduction","No","Unknown","No","No","No"
"240008A0001","State","Others",6,3,546,"Fall",127397.23,6,"Reduced Indirect Cost Off Campus","No","Unknown","No","No","No"
"240009A0002","Others","Research - Sponsored",24,6,913,"Summer",440000,35,"Reduced Indirect Cost On Campus","Yes","Yes","No","No","No"
"240014A0001","Others","Research - Sponsored",6,8,761,"Summer",149900,72,"Reduced Indirect Cost Off Campus","No","Yes","No","No","No"
"240018A0001","State","Others",10,4,629,"Spring",130000,21,"No Reduction","No","Unknown","No","No","No"
"240021A0001","Federal","Others",4,4,1826,"Fall",75000,0,"Reduced Indirect Cost Off Campus","No","Unknown","No","No","No"
"240022A0001","Others","Research - Sponsored",4,5,730,"Spring",56171,105,"Reduced Indirect Cost On Campus","No","Yes","No","No","Yes"
"240027A0001","Others","Research - Sponsored",1,6,546,"Fall",15404,309,"No Reduction","No","Unknown","No","No","No"
"240040A0001","Others","Others",6,5,874,"Spring",41372,173,"Reduced Indirect Cost On Campus","No","Unknown","No","No","No"
"240041A0001","Federal","Research - Sponsored",3,5,1825,"Summer",599960,82,"No Reduction","No","Unknown","No","No","No"
"240043A0001","Others","Research - Sponsored",2,6,620,"Fall",2800,127,"Reduced Indirect Cost Off Campus","No","Yes","No","No","No"
"240054A0001","Federal","Research - Sponsored",3,6,883,"Summer",25997,52,"Reduced Indirect Cost On Campus","No","Unknown","No","No","No"
"240060A0001","State","Others",6,4,1430,"Summer",746376,61,"No Reduction","No","Yes","No","No","No"
"240080A0002","State","Research - Sponsored",8,6,306,"Summer",3750,78,"Reduced Indirect Cost On Campus","No","Unknown","No","No","No"
"240083A0001","Federal","Research - Sponsored",4,5,1825,"Summer",298975,37,"No Reduction","No","Yes","No","Yes","No"
"240084A0001","Others","Research - Sponsored",22,5,729,"Spring",90000,253,"No Reduction","No","Unknown","No","No","No"
"240085A0001","Federal","Research - Sponsored",2,3,729,"Summer",188114,61,"Reduced Indirect Cost On Campus","Yes","Unknown","No","No","No"
"240089A0001","Others","Research - Sponsored",22,5,729,"Spring",90000,86,"No Reduction","No","Unknown","Yes","No","No"
"240092A0001","Federal","Research - Sponsored",3,8,729,"Summer",609098.71,66,"No Reduction","Yes","Unknown","No","No","No"
"240093A0001","Federal","Research - Sponsored",2,4,1825,"Spring",500931,90,"No Reduction","No","Unknown","No","No","Yes"
"240102A0002","State","Research - Sponsored",10,3,364,"Summer",142769.6,6,"No Reduction","No","Yes","No","No","No"
"240103A0002","State","Research - Sponsored",29,5,364,"Summer",63937,334,"No Reduction","No","Unknown","No","No","No"
"240108A0001","Federal","Others",173,6,1568,"Fall",540509,311,"Reduced Indirect Cost On Campus","No","Unknown","No","No","No"
"240110A0002","State","Others",3,4,791,"Fall",253560,108,"Reduced Indirect Cost On Campus","No","Unknown","No","No","No"
"240116A0001","State","Research - Sponsored",1,4,1535,"Spring",499500,14,"Reduced Indirect Cost On Campus","Yes","Unknown","No","No","No"
"240124A0001","Federal","Research - Sponsored",2,4,729,"Summer",300000,78,"No Reduction","Yes","Yes","No","No","No"
"240127A0001","Federal","Others",10,3,1095,"Fall",1140000,195,"No Reduction","No","Unknown","No","No","No"
"240129A0001","Others","Research - Sponsored",1,6,1826,"Fall",42000,32,"Reduced Indirect Cost On Campus","No","Unknown","No","No","No"
"240131A0002","State","Research - Sponsored",12,3,329,"Summer",39678.2,26,"Reduced Indirect Cost On Campus","No","Unknown","No","No","No"
"240135A0001","Others","Research - Sponsored",1,3,730,"Fall",41750,317,"No Reduction","No","Unknown","No","No","No"
"240137A0001","Others","Research - Sponsored",11,5,822,"Summer",22973,206,"Reduced Indirect Cost On Campus","No","Unknown","No","No","No"
"240142A0001","State","Others",6,3,699,"Summer",406314,30,"Reduced Indirect Cost On Campus","No","Unknown","No","No","No"
"240142A0002","State","Others",11,6,699,"Summer",200000,28,"Reduced Indirect Cost On Campus","No","Unknown","No","No","No"
"240142A0003","State","Research - Sponsored",2,3,699,"Summer",309769.6,172,"No Reduction","No","Unknown","No","No","Yes"
"240142A0004","State","Research - Sponsored",1,3,675,"Summer",233060,36,"Reduced Indirect Cost On Campus","No","Unknown","No","No","No"
"240142A0005","State","Others",1,4,690,"Summer",508694,172,"No Reduction","No","Unknown","No","No","No"
"240142A0006","State","Research - Sponsored",2,5,711,"Summer",676080,60,"Reduced Indirect Cost On Campus","No","Unknown","No","No","No"
"240142A0007","State","Research - Sponsored",2,6,711,"Summer",349000,48,"No Reduction","No","Unknown","No","No","No"
"240142A0008","State","Research - Sponsored",5,5,640,"Fall",1170200,7,"Reduced Indirect Cost On Campus","No","Unknown","No","No","No"
"240142A0009","State","Research - Sponsored",2,10,711,"Summer",1203926,11,"No Reduction","No","Unknown","No","No","No"
"240142A0010","State","Research - Sponsored",3,3,675,"Summer",505512,97,"Reduced Indirect Cost On Campus","No","Unknown","No","No","No"
"240142A0011","State","Others",1,6,649,"Fall",943000,20,"Reduced Indirect Cost On Campus","No","Unknown","No","No","No"
"240149A0001","State","Research - Sponsored",29,7,550,"Summer",164062.6,85,"No Reduction","No","Unknown","No","No","Yes"
"240158A0002","Federal","Others",2,4,1363,"Summer",30000,359,"Reduced Indirect Cost On Campus","No","Unknown","No","No","No"
"240159A0001","Federal","Research - Sponsored",4,6,1460,"Fall",35379,148,"Reduced Indirect Cost On Campus","No","Unknown","No","No","No"
"240161A0001","Federal","Research - Sponsored",1,4,989,"Fall",250000,228,"No Reduction","Yes","Unknown","No","No","No"
"240163A0001","Others","Research - Sponsored",4,5,1036,"Spring",32949.12,493,"Reduced Indirect Cost On Campus","No","Unknown","No","No","No"
"240166A0001","Federal","Research - Sponsored",13,3,1734,"Summer",100000,121,"Reduced Indirect Cost On Campus","No","Unknown","No","No","No"
"240167A0001","Federal","Others",42,5,730,"Spring",337976.3,30,"No Reduction","No","Unknown","No","No","No"
"240175A0001","State","Research - Sponsored",4,4,770,"Summer",600000,2,"No Reduction","No","Yes","No","No","No"
"240177A0001","Federal","Research - Sponsored",4,5,1825,"Spring",129754,98,"Reduced Indirect Cost On Campus","No","Unknown","No","No","No"
"240178A0001","Federal","Research - Sponsored",5,4,1094,"Spring",114300,19,"No Reduction","No","Unknown","No","No","Yes"
"240179A0001","Others","Others",3,7,973,"Fall",1000000,79,"No Reduction","No","Yes","No","No","No"
"240181A0001","Others","Research - Sponsored",1,6,915,"Summer",2000,187,"Reduced Indirect Cost On Campus","No","Yes","No","No","No"
"240318A0001","Federal","Research - Sponsored",3,8,685,"Summer",179905,97,"No Reduction","No","Unknown","No","No","No"
"240319A0001","State","Research - Sponsored",29,5,548,"Summer",25000,444,"No Reduction","No","Unknown","No","No","Yes"
"240319A0002","State","Research - Sponsored",29,6,638,"Spring",60000,239,"No Reduction","No","Unknown","No","No","No"
"240319A0003","State","Research - Sponsored",29,4,640,"Spring",25000,432,"No Reduction","No","Unknown","No","No","No"
"240320A0002","Others","Research - Sponsored",24,4,557,"Spring",122000,70,"Reduced Indirect Cost On Campus","No","Unknown","No","Yes","No"
"240322A0001","Federal","Research - Sponsored",11,6,1461,"Fall",374400,199,"Reduced Indirect Cost On Campus","No","Yes","No","No","No"
"240325A0001","Federal","Research - Sponsored",9,4,1461,"Fall",128948.68,47,"Reduced Indirect Cost On Campus","No","Unknown","No","Yes","No"
"240326A0001","Federal","Research - Sponsored",3,3,729,"Spring",175000,24,"No Reduction","No","Unknown","No","No","Yes"
"240336A0001","Federal","Research - Sponsored",2,4,710,"Fall",703682,1,"No Reduction","No","Yes","No","No","No"
"240337A0001","Federal","Research - Sponsored",12,4,724,"Fall",85209.06,83,"Reduced Indirect Cost On Campus","No","Unknown","No","No","No"
"240344A0001","Federal","Research - Sponsored",23,5,975,"Spring",6200,39,"Reduced Indirect Cost On Campus","No","Unknown","No","No","No"
"240348A0002","State","Research - Sponsored",29,4,364,"Fall",300000,150,"No Reduction","No","Unknown","No","No","No"
"240350A0001","Federal","Research - Sponsored",23,5,1461,"Fall",102851,113,"Reduced Indirect Cost On Campus","No","Unknown","No","No","No"
"240353A0002","Federal","Research - Sponsored",7,5,1341,"Summer",80000,276,"Reduced Indirect Cost On Campus","No","Unknown","No","No","No"
"240362A0001","Others","Research - Sponsored",2,6,670,"Spring",27794,51,"No Reduction","No","Unknown","No","No","No"
"240365A0001","Federal","Research - Sponsored",10,7,730,"Fall",97708,148,"Reduced Indirect Cost On Campus","No","Yes","No","No","No"
"240367A0001","Federal","Research - Sponsored",11,5,700,"Spring",8910,190,"Reduced Indirect Cost On Campus","No","Yes","No","No","No"
"240371A0003","Others","Others",1,3,303,"Fall",7250,211,"Reduced Indirect Cost On Campus","No","Unknown","No","No","No"
"240375A0001","Others","Research - Sponsored",1,5,668,"Fall",35689,376,"No Reduction","No","Unknown","No","No","Yes"
"240378A0002","Others","Others",7,3,365,"Spring",25000,247,"Reduced Indirect Cost On Campus","No","Unknown","No","Yes","No"
"240378A0003","Others","Others",7,3,364,"Spring",25000,62,"Reduced Indirect Cost On Campus","No","Unknown","No","No","No"
"240379A0001","Federal","Research - Sponsored",7,4,1063,"Fall",25040,152,"Reduced Indirect Cost On Campus","No","Yes","No","No","No"
"240381A0002","Federal","Others",15,3,364,"Summer",61734,260,"Reduced Indirect Cost On Campus","No","Unknown","No","No","No"
"240382A0001","Federal","Research - Sponsored",2,5,1826,"Fall",167785,0,"No Reduction","No","Unknown","No","No","No"
"240385A0001","Federal","Research - Sponsored",1,7,1826,"Fall",120831,57,"No Reduction","No","Unknown","No","Yes","Yes"
"240400A0001","Federal","Others",23,5,1095,"Fall",40141,280,"Reduced Indirect Cost On Campus","No","Unknown","No","No","No"
"240402A0001","Federal","Research - Sponsored",3,4,302,"Fall",174242,141,"No Reduction","Yes","Yes","No","No","Yes"
"240407A0001","Federal","Others",4,8,730,"Summer",287870,34,"Reduced Indirect Cost On Campus","No","Unknown","No","No","No"
"240407A0002","Federal","Others",4,7,729,"Summer",150000,96,"Reduced Indirect Cost On Campus","No","Yes","Yes","No","No"
"240412A0001","State","Others",2,6,639,"Summer",9824,175,"No Reduction","No","Unknown","No","No","No"
"240415A0001","Federal","Research - Sponsored",13,3,1811,"Summer",291930,168,"Reduced Indirect Cost On Campus","No","Unknown","No","No","Yes"
"240421A0001","Others","Others",6,3,711,"Fall",160000,9,"Reduced Indirect Cost On Campus","No","Unknown","No","No","No"
"240426A0001","Federal","Research - Sponsored",1,4,356,"Summer",361250,1,"No Reduction","No","Yes","No","No","No"
"240427A0001","Federal","Others",3,4,736,"Fall",100272,97,"Reduced Indirect Cost On Campus","No","Unknown","No","No","No"
"240430A0001","Others","Research - Sponsored",3,8,852,"Summer",500000,60,"No Reduction","Yes","Unknown","No","No","No"
"240430A0003","Others","Others",2,5,461,"Fall",206000,96,"No Reduction","No","Unknown","No","No","No"
"240435A0003","Others","Others",12,3,364,"Summer",30000,30,"Reduced Indirect Cost On Campus","No","Unknown","No","No","No"
"240436A0001","Federal","Research - Sponsored",1,7,1094,"Spring",136254,60,"No Reduction","No","Yes","No","No","Yes"
"240446A0001","Federal","Research - Sponsored",3,8,1094,"Summer",126251,307,"No Reduction","No","Yes","No","No","No"
"240448A0001","State","Research - Sponsored",7,4,1094,"Summer",62000,77,"Reduced Indirect Cost On Campus","No","Yes","No","No","No"
"240456A0001","Others","Others",2,3,652,"Spring",4150,106,"Reduced Indirect Cost On Campus","No","Unknown","No","No","No"
"240458A0001","Federal","Others",32,5,730,"Fall",47736,213,"Reduced Indirect Cost On Campus","No","Unknown","No","No","No"
"240464A0001","Federal","Research - Sponsored",1,5,716,"Fall",290631,77,"No Reduction","No","Yes","No","No","No"
"240466A0001","Federal","Others",32,7,1826,"Fall",43951,488,"Reduced Indirect Cost On Campus","No","Unknown","No","No","No"
"240470A0001","Federal","Research - Sponsored",3,8,1094,"Fall",2394081,125,"No Reduction","No","Unknown","No","No","No"
"240473A0001","Federal","Research - Sponsored",12,4,1094,"Fall",176671.62,63,"Reduced Indirect Cost On Campus","No","Yes","No","No","No"
"240475A0001","Others","Research - Sponsored",6,8,729,"Summer",371025,36,"No Reduction","No","Unknown","No","No","Yes"
"240483A0001","Federal","Research - Sponsored",173,4,730,"Fall",18804,335,"Reduced Indirect Cost On Campus","No","Unknown","No","No","No"
"240485A0001","Federal","Research - Sponsored",173,4,730,"Fall",16790,513,"Reduced Indirect Cost On Campus","No","Unknown","No","No","No"
"240488A0001","Others","Research - Sponsored",5,4,685,"Summer",45025,77,"No Reduction","No","Yes","No","No","No"
"240514A0001","State","Research - Sponsored",24,6,1095,"Summer",120000,183,"Reduced Indirect Cost On Campus","No","Unknown","No","No","No"
"240517A0001","State","Research - Sponsored",4,7,548,"Spring",156041.6,67,"No Reduction","Yes","Unknown","No","No","No"
"240531A0001","Others","Research - Sponsored",4,5,1826,"Summer",3000,392,"Reduced Indirect Cost On Campus","No","Unknown","No","No","No"
"240531A0002","Others","Research - Sponsored",4,5,1962,"Spring",1200,103,"Reduced Indirect Cost On Campus","No","Unknown","No","No","No"
"240560A0001","State","Research - Sponsored",3,5,1095,"Summer",80000,151,"No Reduction","No","Unknown","No","No","No"
"240563A0001","State","Others",22,3,1038,"Fall",6080,85,"Reduced Indirect Cost On Campus","No","Unknown","No","No","No"
"240565A0001","State","Others",22,3,1038,"Fall",72722,486,"Reduced Indirect Cost On Campus","No","Unknown","No","No","No"
"240566A0001","State","Others",22,3,1130,"Fall",510110,380,"Reduced Indirect Cost On Campus","No","Unknown","No","No","No"
"240573A0001","State","Research - Sponsored",10,4,727,"Summer",130000,89,"Reduced Indirect Cost On Campus","No","Yes","No","No","No"
"240574A0001","State","Research - Sponsored",5,4,729,"Summer",65000,91,"Reduced Indirect Cost On Campus","No","Unknown","No","No","No"
"240576A0001","Others","Research - Sponsored",1,10,547,"Fall",63491.4,24,"No Reduction","No","Unknown","No","No","No"
"240591A0001","State","Research - Sponsored",10,6,1826,"Summer",80000,443,"Reduced Indirect Cost On Campus","No","Unknown","No","No","No"
"240594A0001","Others","Others",13,4,635,"Spring",183295.2,56,"Reduced Indirect Cost On Campus","No","Unknown","No","No","No"
"240596A0001","Federal","Others",2,4,1524,"Fall",456936,12,"Reduced Indirect Cost Off Campus","Yes","Yes","No","Yes","No"
"240598A0001","Others","Others",13,8,638,"Spring",87810,181,"Reduced Indirect Cost On Campus","No","Unknown","No","No","No"
"240599A0001","Others","Others",8,9,364,"Summer",100000,101,"No Reduction","No","Unknown","No","No","No"
"240613A0002","Others","Research - Sponsored",3,8,364,"Fall",25492,241,"No Reduction","No","Unknown","No","No","No"
"240622A0001","Federal","Research - Sponsored",5,6,1735,"Spring",30612.84,80,"Reduced Indirect Cost On Campus","No","Yes","No","No","No"
"240629A0001","Others","Others",1,11,1125,"Summer",420303,91,"Reduced Indirect Cost On Campus","No","Unknown","No","Yes","No"
"240631A0001","Federal","Others",10,4,364,"Summer",735209,0,"Reduced Indirect Cost On Campus","Yes","Unknown","No","No","No"
"240635A0001","State","Research - Sponsored",29,4,525,"Spring",125000,370,"No Reduction","No","Unknown","No","No","No"
"240645A0001","Federal","Research - Sponsored",23,5,789,"Spring",59136.14,52,"Reduced Indirect Cost On Campus","No","Unknown","No","No","No"
"240646A0001","Others","Research - Sponsored",8,4,1826,"Spring",112500,66,"Reduced Indirect Cost On Campus","No","Unknown","No","No","Yes"
"240665A0001","State","Others",2,6,960,"Spring",225000,399,"Reduced Indirect Cost On Campus","No","Unknown","No","No","No"
"240680A0001","Federal","Research - Sponsored",10,5,545,"Fall",633751,29,"No Reduction","Yes","Unknown","No","No","No"
"240684A0001","Others","Others",1,5,1096,"Fall",850000,280,"Reduced Indirect Cost On Campus","No","Unknown","No","No","No"
"240687A0001","Federal","Research - Sponsored",2,5,364,"Fall",126309,60,"Reduced Indirect Cost On Campus","No","Unknown","No","No","No"
"240690A0001","Federal","Research - Sponsored",12,3,1710,"Spring",58995,161,"Reduced Indirect Cost On Campus","No","Yes","No","No","No"
"240691A0001","State","Research - Sponsored",6,8,729,"Summer",120000,26,"No Reduction","No","Unknown","No","No","Yes"
"240705A0001","Federal","Others",7,4,729,"Spring",8500,79,"Reduced Indirect Cost Off Campus","No","Unknown","No","No","No"
"240706A0001","Federal","Research - Sponsored",1,9,364,"Fall",224697.33,59,"No Reduction","No","Unknown","No","No","No"
"240708A0001","Federal","Research - Sponsored",2,4,715,"Summer",249889,320,"No Reduction","No","Unknown","No","No","No"
"240711A0001","Federal","Research - Sponsored",5,8,1460,"Fall",1050678,109,"No Reduction","No","Unknown","No","No","No"
"240712A0001","State","Research - Sponsored",12,5,853,"Spring",97528,246,"Reduced Indirect Cost On Campus","No","Unknown","No","No","No"
"240712A0002","State","Research - Sponsored",12,5,913,"Summer",21907,175,"Reduced Indirect Cost On Campus","No","Unknown","No","No","No"
"240723A0001","Federal","Research - Sponsored",9,7,364,"Fall",99962,3,"No Reduction","No","Unknown","No","No","No"
"240724A0001","State","Research - Sponsored",1,4,913,"Summer",17834,37,"Reduced Indirect Cost On Campus","No","Yes","No","No","No"
"240726A0001","Federal","Research - Sponsored",5,4,729,"Summer",48469.74,251,"Reduced Indirect Cost On Campus","Yes","Unknown","No","No","No"
"240731A0001","Others","Others",12,4,552,"Fall",4500,240,"No Reduction","No","Unknown","No","No","No"
"240748A0001","Others","Research - Sponsored",7,4,289,"Spring",2500,287,"Reduced Indirect Cost On Campus","No","Unknown","No","No","No"
"240761A0001","Federal","Research - Sponsored",23,3,1825,"Fall",16536.77,107,"Reduced Indirect Cost On Campus","No","Unknown","No","No","No"
"240767A0003","Others","Research - Sponsored",1,4,364,"Fall",119003,91,"No Reduction","No","Unknown","No","No","No"
"240769A0001","Federal","Others",1,5,746,"Spring",50000,83,"No Reduction","No","Unknown","No","No","No"
"240784A0001","Federal","Research - Sponsored",4,5,464,"Spring",265789.08,3,"No Reduction","No","Yes","No","No","No"
"240785A0001","Others","Research - Sponsored",4,5,455,"Spring",237918.36,59,"No Reduction","No","Yes","No","No","No"
"240786A0001","Others","Research - Sponsored",4,5,455,"Spring",117390,59,"No Reduction","No","Yes","No","No","No"
"240788A0001","Others","Research - Sponsored",6,4,350,"Summer",72000,23,"No Reduction","No","Unknown","No","No","No"
"240789A0001","Others","Research - Sponsored",24,4,730,"Spring",15000,188,"Reduced Indirect Cost On Campus","No","Unknown","No","No","No"
"240791A0001","Federal","Research - Sponsored",4,5,1080,"Fall",346098,205,"No Reduction","No","Unknown","No","Yes","No"
"240794A0001","Federal","Research - Sponsored",23,4,1276,"Spring",146365.32,136,"Reduced Indirect Cost On Campus","No","Unknown","No","No","No"
"240800A0001","State","Others",3,4,486,"Summer",31927,61,"Reduced Indirect Cost On Campus","No","Yes","No","No","No"
"240802A0001","Others","Others",5,4,335,"Fall",257307.87,23,"Reduced Indirect Cost Off Campus","No","Unknown","No","No","No"
"240806A0001","Others","Research - Sponsored",2,4,1613,"Summer",119581,60,"Reduced Indirect Cost On Campus","No","Unknown","No","No","No"
"240808A0001","Others","Research - Sponsored",24,4,730,"Summer",13438,46,"Reduced Indirect Cost Off Campus","No","Yes","No","No","No"
"240811A0001","Federal","Research - Sponsored",23,6,842,"Spring",9523.38,388,"Reduced Indirect Cost On Campus","No","Unknown","No","No","No"
"240812A0001","Federal","Research - Sponsored",4,5,1700,"Spring",80000,256,"Reduced Indirect Cost On Campus","No","Unknown","No","No","No"
"240814A0001","Federal","Research - Sponsored",6,5,503,"Spring",34656,38,"Reduced Indirect Cost On Campus","No","Unknown","No","No","No"
"240815A0001","Others","Research - Sponsored",12,3,730,"Spring",22565,102,"Reduced Indirect Cost On Campus","No","Unknown","No","No","No"
"240817A0001","Federal","Research - Sponsored",3,4,1125,"Fall",307371,8,"No Reduction","No","Unknown","No","No","No"
"240820A0001","Others","Research - Sponsored",24,4,365,"Summer",20000,173,"Reduced Indirect Cost On Campus","No","Yes","No","No","No"
"240826A0001","State","Others",1,4,729,"Fall",60000,61,"Reduced Indirect Cost On Campus","No","Unknown","No","No","No"
"240847A0001","Others","Others",3,6,273,"Summer",29500,42,"Reduced Indirect Cost On Campus","No","Unknown","No","No","No"
"240852A0001","Federal","Research - Sponsored",23,5,1085,"Spring",325000,57,"Reduced Indirect Cost On Campus","No","Unknown","No","No","No"
"240853A0001","State","Others",2,4,558,"Spring",47348,15,"No Reduction","No","Unknown","No","No","No"
"240854A0001","State","Research - Sponsored",8,5,306,"Summer",9550,33,"Reduced Indirect Cost On Campus","No","Unknown","No","No","Yes"
"240856A0001","State","Research - Sponsored",8,5,306,"Summer",25000,4,"Reduced Indirect Cost On Campus","No","Unknown","No","No","Yes"
"240868A0001","Federal","Research - Sponsored",5,6,739,"Summer",25000,6,"Reduced Indirect Cost On Campus","No","Unknown","No","No","No"
"240875A0001","Others","Research - Sponsored",6,5,364,"Summer",80011,54,"No Reduction","No","Unknown","No","No","Yes"
"240878A0001","Others","Research - Sponsored",3,3,517,"Spring",68110,39,"No Reduction","No","Yes","No","No","No"
"240882A0001","Federal","Research - Sponsored",3,3,1460,"Fall",342760.5,36,"Reduced Indirect Cost On Campus","No","Unknown","No","No","No"
"240883A0001","Others","Others",1,6,364,"Summer",10553,182,"Reduced Indirect Cost On Campus","No","Unknown","No","No","No"
"240884A0001","Others","Others",7,5,411,"Spring",107263,77,"Reduced Indirect Cost On Campus","No","Unknown","No","No","No"
"240891A0001","Federal","Research - Sponsored",4,8,364,"Fall",20000,10,"No Reduction","No","Unknown","No","No","No"
"240893A0001","Federal","Others",2,8,903,"Summer",113262.54,51,"No Reduction","No","Unknown","No","No","No"
"240896A0001","Others","Others",2,3,515,"Fall",17653.58,227,"Reduced Indirect Cost Off Campus","No","Yes","No","Yes","No"
"240901A0001","Others","Research - Sponsored",3,3,700,"Fall",44428.2,365,"No Reduction","No","Yes","No","No","No"
"240904A0001","Federal","Research - Sponsored",11,4,1629,"Spring",66000,297,"Reduced Indirect Cost On Campus","No","Yes","No","No","No"
"240905A0001","State","Others",3,4,426,"Summer",3944,104,"Reduced Indirect Cost On Campus","No","Unknown","No","No","No"
"240906A0001","State","Others",2,4,426,"Summer",6080,22,"Reduced Indirect Cost On Campus","No","Unknown","No","No","No"
"240911A0001","Federal","Research - Sponsored",1,5,545,"Fall",96517,241,"No Reduction","No","Yes","No","No","No"
"240913A0001","Federal","Research - Sponsored",10,4,1825,"Spring",96000,101,"Reduced Indirect Cost On Campus","No","Unknown","No","No","No"
"240914A0001","Others","Research - Sponsored",24,5,364,"Summer",30000,32,"Reduced Indirect Cost On Campus","No","Unknown","No","No","No"
"240917A0001","State","Research - Sponsored",12,3,581,"Spring",106666,15,"Reduced Indirect Cost On Campus","No","Unknown","No","No","No"
"240919A0001","State","Others",22,3,456,"Fall",1599771,11,"Reduced Indirect Cost On Campus","No","Unknown","No","No","No"
"240923A0001","Federal","Research - Sponsored",2,3,1490,"Fall",697253,3,"No Reduction","No","Yes","No","No","No"
"240924A0001","Others","Research - Sponsored",16,3,2190,"Summer",182157.09,60,"No Reduction","Yes","Unknown","Yes","Yes","Yes"
"240925A0001","Federal","Others",4,5,2555,"Fall",778413,15,"Reduced Indirect Cost On Campus","Yes","Unknown","No","No","No"
"240932A0001","Others","Research - Sponsored",12,4,2556,"Spring",4400,512,"Reduced Indirect Cost On Campus","No","Unknown","No","No","No"
"240933A0001","Federal","Research - Sponsored",1,4,1613,"Summer",161137.19,0,"Reduced Indirect Cost Off Campus","No","Unknown","No","No","No"
"240934A0001","State","Research - Sponsored",12,4,306,"Summer",7500,10,"Reduced Indirect Cost On Campus","No","Unknown","No","No","No"
"240934A0002","State","Research - Sponsored",12,4,345,"Spring",7500,1,"Reduced Indirect Cost On Campus","No","Unknown","Yes","No","No"
"240945A0001","Federal","Research - Sponsored",1,6,729,"Spring",299999,5,"No Reduction","No","Yes","No","No","No"
"240946A0001","State","Others",6,4,729,"Summer",1413800,0,"Reduced Indirect Cost On Campus","No","Unknown","No","No","No"
"240951A0002","State","Research - Sponsored",1,4,609,"Spring",92873.05,42,"No Reduction","No","Unknown","No","No","No"
"240956A0002","Federal","Others",3,3,1794,"Fall",191300,124,"Reduced Indirect Cost On Campus","No","Unknown","No","No","No"
"240957A0001","State","Others",4,4,619,"Summer",94000,36,"Reduced Indirect Cost On Campus","No","Unknown","No","No","No"
"240959A0001","State","Others",42,3,729,"Summer",358937.28,18,"No Reduction","No","Unknown","No","No","No"
"240960A0001","State","Research - Sponsored",7,3,729,"Summer",62000,61,"No Reduction","No","Unknown","No","No","No"
"240961A0001","State","Research - Sponsored",7,3,729,"Summer",51000,152,"No Reduction","No","Unknown","No","No","No"
"240965A0002","State","Others",5,3,365,"Spring",45000,24,"Reduced Indirect Cost Off Campus","No","Unknown","No","No","No"
"240971A0001","Others","Research - Sponsored",3,6,231,"Spring",2500,173,"Reduced Indirect Cost On Campus","No","Unknown","No","No","No"
"240973A0001","Federal","Research - Sponsored",9,3,1024,"Summer",78568.19,324,"Reduced Indirect Cost On Campus","No","Unknown","No","No","No"
"240978A0001","Federal","Research - Sponsored",4,5,1767,"Summer",48155,14,"Reduced Indirect Cost On Campus","No","Unknown","No","No","No"
"240979A0001","State","Others",25,5,729,"Summer",175000,66,"Reduced Indirect Cost On Campus","No","Unknown","No","No","No"
"240980A0001","State","Others",4,4,333,"Summer",220845,35,"No Reduction","No","Unknown","No","No","No"
"240982A0001","Federal","Research - Sponsored",2,5,790,"Spring",1016399,113,"No Reduction","No","Yes","No","Yes","No"
"240985A0001","Federal","Research - Sponsored",1,5,1094,"Fall",415755,122,"No Reduction","No","Unknown","No","Yes","No"
"240987A0001","Federal","Research - Sponsored",24,5,1094,"Fall",122176,29,"Reduced Indirect Cost On Campus","No","Unknown","No","No","No"
"240992A0001","Others","Research - Sponsored",12,5,247,"Spring",8000,80,"Reduced Indirect Cost On Campus","No","Unknown","No","No","No"
"240999A0001","State","Others",7,3,729,"Summer",349254,28,"Reduced Indirect Cost On Campus","No","Unknown","No","No","No"
"241000A0001","State","Research - Sponsored",23,6,729,"Summer",88732,0,"Reduced Indirect Cost On Campus","No","Unknown","No","No","No"
"241003A0001","Federal","Research - Sponsored",1,3,1095,"Spring",62499,29,"No Reduction","No","Unknown","No","No","No"
"241006A0001","Others","Research - Sponsored",2,12,289,"Summer",292254.05,46,"No Reduction","No","Unknown","No","No","No"
"241010A0001","State","Others",13,7,359,"Summer",8000,105,"No Reduction","No","Unknown","No","No","No"
"241016A0001","Others","Others",3,3,555,"Summer",60000,0,"Reduced Indirect Cost Off Campus","No","Unknown","No","No","No"
"241017A0001","Federal","Research - Sponsored",2,4,1187,"Fall",158271.98,221,"Reduced Indirect Cost Off Campus","No","Unknown","No","No","No"
"241020A0001","State","Others",25,9,1507,"Spring",199108,57,"No Reduction","No","Unknown","No","No","No"
"241024A0001","Others","Research - Sponsored",8,6,609,"Spring",19000,206,"Reduced Indirect Cost On Campus","No","Unknown","No","No","No"
"241025A0001","Others","Research - Sponsored",8,5,595,"Spring",10000,192,"Reduced Indirect Cost On Campus","No","Unknown","No","No","No"
"241028A0001","Federal","Research - Sponsored",6,6,1460,"Summer",157966,261,"Reduced Indirect Cost Off Campus","No","Unknown","No","No","No"
"241033A0001","Federal","Others",42,5,364,"Fall",200000,16,"No Reduction","No","Unknown","No","No","No"
"241038A0001","Federal","Others",10,3,1094,"Fall",217924,10,"No Reduction","No","Unknown","No","No","No"
"241039A0001","Federal","Others",1,7,881,"Summer",103811,97,"Reduced Indirect Cost On Campus","Yes","Unknown","No","No","No"
"241043A0001","Federal","Research - Sponsored",2,4,340,"Fall",323277,8,"No Reduction","Yes","Yes","No","No","No"
"241047A0001","State","Others",13,7,340,"Fall",175000,36,"Reduced Indirect Cost On Campus","No","Unknown","No","No","No"
"241050A0001","Others","Others",2,3,259,"Summer",10000,17,"No Reduction","No","Unknown","No","No","No"
"241054A0001","Others","Research - Sponsored",2,3,365,"Summer",28491,16,"Reduced Indirect Cost On Campus","No","Unknown","No","No","Yes"
"241057A0001","State","Research - Sponsored",29,5,1187,"Summer",148838.4,105,"No Reduction","No","Unknown","No","No","Yes"
"241058A0001","Federal","Others",10,3,2555,"Fall",570000,3,"No Reduction","No","Unknown","No","No","No"
"241063A0001","Federal","Research - Sponsored",6,6,364,"Fall",250000,4,"Reduced Indirect Cost Off Campus","No","Yes","No","No","No"
"241066A0001","Others","Research - Sponsored",3,4,1094,"Summer",44000,1,"Reduced Indirect Cost On Campus","No","Unknown","No","Yes","No"
"241075A0001","Federal","Others",2,5,473,"Summer",44642,77,"No Reduction","No","Unknown","No","No","No"
"241085A0001","State","Others",10,5,364,"Fall",45000,191,"Reduced Indirect Cost Off Campus","No","Yes","No","No","No"
"241091A0001","State","Others",2,6,396,"Summer",185000,0,"Reduced Indirect Cost Off Campus","No","Unknown","No","No","No"
"241092A0001","Others","Research - Sponsored",7,4,1094,"Spring",64569,138,"Reduced Indirect Cost On Campus","No","Unknown","No","Yes","No"
"241099A0001","Federal","Research - Sponsored",1,7,364,"Spring",263334.66,27,"No Reduction","No","Unknown","No","No","No"
"241110A0001","Others","Research - Sponsored",10,5,394,"Summer",294800,43,"Reduced Indirect Cost On Campus","No","Unknown","No","No","No"
"241113A0001","Others","Research - Sponsored",4,5,426,"Summer",25326,8,"No Reduction","No","Yes","No","No","No"
"250009A0001","State","Research - Sponsored",1,7,729,"Summer",128500,75,"Reduced Indirect Cost Off Campus","No","Yes","No","No","No"
"250010A0001","Federal","Others",42,3,364,"Spring",87502.24,13,"Reduced Indirect Cost Off Campus","No","Unknown","No","No","No"
"250015A0001","State","Others",1,4,1039,"Fall",240000,36,"No Reduction","No","Unknown","No","No","No"
"250023A0001","Others","Research - Sponsored",7,6,1095,"Fall",42136,304,"No Reduction","No","Unknown","No","Yes","No"
"250026A0001","Others","Others",1,7,729,"Fall",6500,35,"Reduced Indirect Cost On Campus","No","Unknown","No","No","No"
"250044A0001","Others","Research - Sponsored",4,5,181,"Fall",33000,10,"No Reduction","No","Unknown","No","No","Yes"
"250047A0001","Others","Others",4,4,731,"Fall",5000,298,"No Reduction","No","Unknown","No","No","No"
"250054A0001","State","Others",1,4,364,"Summer",15000,36,"Reduced Indirect Cost On Campus","No","Unknown","No","No","No"
"250055A0001","Others","Others",1,5,133,"Fall",2000,20,"Reduced Indirect Cost On Campus","No","Unknown","No","No","No"
"250056A0001","Others","Research - Sponsored",7,3,280,"Fall",25000,37,"No Reduction","No","Unknown","No","No","No"
"250067A0001","Others","Research - Sponsored",4,5,527,"Fall",100000,103,"Reduced Indirect Cost On Campus","No","Yes","No","No","No"
"250070A0001","Federal","Others",42,5,90,"Spring",16066.04,29,"No Reduction","No","Unknown","No","No","No"
"250071A0001","State","Others",2,4,426,"Summer",10936,1,"Reduced Indirect Cost On Campus","No","Unknown","No","No","No"
"250079A0001","Federal","Research - Sponsored",3,4,776,"Summer",89131,204,"No Reduction","No","Unknown","No","Yes","No"
"250085A0001","Others","Research - Sponsored",1,3,374,"Summer",1500,321,"Reduced Indirect Cost On Campus","No","Yes","No","No","No"
"250105A0001","Others","Research - Sponsored",1,5,373,"Fall",1000,113,"Reduced Indirect Cost On Campus","No","Yes","No","No","No"
"250106A0001","State","Others",2,4,1365,"Fall",179258,58,"No Reduction","No","Unknown","No","No","No"
"250111A0001","Others","Research - Sponsored",2,3,364,"Fall",72083,68,"No Reduction","No","Unknown","No","No","Yes"
"250112A0001","Others","Research - Sponsored",3,6,375,"Fall",9020,39,"Reduced Indirect Cost Off Campus","No","Yes","No","No","Yes"
"250113A0001","Federal","Research - Sponsored",5,3,710,"Spring",283095,183,"No Reduction","No","Unknown","Yes","No","Yes"
"250134A0001","Others","Others",3,4,273,"Fall",92000,30,"Reduced Indirect Cost On Campus","No","Unknown","No","No","No"
"250135A0001","Federal","Others",32,5,729,"Fall",21577,181,"Reduced Indirect Cost On Campus","No","Unknown","No","No","No"
"250136A0001","State","Others",2,7,426,"Summer",10035,309,"No Reduction","No","Unknown","No","No","No"
"250137A0001","State","Others",3,6,426,"Summer",9306,257,"No Reduction","No","Unknown","No","No","No"
"250139A0001","Others","Research - Sponsored",3,5,1644,"Summer",263229.51,32,"No Reduction","No","Unknown","No","No","No"
"250154A0001","State","Others",3,8,154,"Spring",140625,32,"No Reduction","No","Unknown","No","No","No"
"250164A0001","State","Others",7,3,606,"Fall",40000,91,"No Reduction","No","Unknown","No","No","No"
"250174A0001","Others","Research - Sponsored",2,4,425,"Fall",21675,28,"Reduced Indirect Cost On Campus","No","Unknown","No","No","No"
"250186A0001","Others","Research - Sponsored",1,4,242,"Fall",10000,25,"No Reduction","No","Unknown","Yes","No","No"
"250201A0001","Federal","Research - Sponsored",1,5,531,"Spring",216508,17,"No Reduction","No","Unknown","No","Yes","No"
"250226A0001","Others","Others",1,6,364,"Spring",19849,114,"No Reduction","No","Unknown","No","No","No"
"250244A0001","Others","Research - Sponsored",3,4,226,"Fall",30000,120,"Reduced Indirect Cost On Campus","No","Yes","No","No","Yes"
"250278A0001","Federal","Research - Sponsored",3,5,1064,"Fall",297551,157,"No Reduction","No","Unknown","No","No","No"
"250296A0001","State","Research - Sponsored",3,5,940,"Spring",27702,78,"Reduced Indirect Cost On Campus","No","Unknown","No","No","No"
"250309A0001","State","Others",3,4,303,"Fall",40000,100,"No Reduction","No","Unknown","No","No","No"
"250310A0001","State","Others",6,3,61,"Spring",14367.84,30,"No Reduction","No","Unknown","No","No","No"
"250334A0001","State","Others",2,5,123,"Spring",68583.09,30,"Reduced Indirect Cost On Campus","No","Unknown","No","No","No"
"250352A0001","State","Research - Sponsored",12,3,364,"Summer",19508,36,"Reduced Indirect Cost On Campus","No","Unknown","No","No","No"
"250354A0001","Federal","Research - Sponsored",1,3,339,"Spring",249000,66,"No Reduction","No","Yes","Yes","Yes","No"
"250364A0001","State","Others",7,4,180,"Spring",50000,6,"No Reduction","No","Yes","No","No","No"
"250374A0001","Others","Others",10,4,654,"Fall",65000,75,"Reduced Indirect Cost On Campus","No","Yes","No","No","No"
"250377A0001","Others","Research - Sponsored",1,5,1185,"Spring",80000,9,"Reduced Indirect Cost On Campus","No","Unknown","No","No","No"
"250385A0001","Others","Research - Sponsored",22,7,84,"Spring",63000,10,"No Reduction","No","Unknown","Yes","Yes","Yes"
"250389A0001","Others","Research - Sponsored",2,6,362,"Spring",54356.36,86,"Reduced Indirect Cost On Campus","No","Unknown","No","No","No"
"250412A0001","Federal","Others",10,4,1094,"Spring",87500,11,"No Reduction","Yes","Yes","No","No","No"
"250420A0001","Others","Research - Sponsored",5,4,384,"Fall",1500,62,"Reduced Indirect Cost On Campus","No","Yes","No","No","No"
"250422A0001","State","Others",1,3,426,"Summer",10000,271,"Reduced Indirect Cost On Campus","No","Unknown","No","No","No"
"250440A0001","Others","Research - Sponsored",6,5,364,"Spring",60000,19,"No Reduction","No","Unknown","No","Yes","No"
"250462A0001","Others","Research - Sponsored",7,4,559,"Spring",3820,102,"Reduced Indirect Cost On Campus","No","Unknown","No","No","No"
"250475A0001","State","Research - Sponsored",29,3,1240,"Spring",140000,50,"Reduced Indirect Cost On Campus","No","Yes","No","Yes","No"
"250490A0001","Others","Research - Sponsored",23,3,166,"Spring",10217.77,15,"No Reduction","No","Unknown","No","No","No"
"250497A0001","Others","Research - Sponsored",10,4,740,"Spring",5000,49,"Reduced Indirect Cost On Campus","No","Yes","No","No","No"
"250509A0001","Others","Others",1,4,333,"Spring",41045,20,"No Reduction","No","Unknown","No","No","No"
"250520A0001","State","Research - Sponsored",10,4,121,"Spring",25761.6,60,"No Reduction","No","Unknown","No","No","No"
"250522A0001","Others","Research - Sponsored",2,7,729,"Spring",506941.78,50,"No Reduction","Yes","Unknown","No","No","No"
"250540A0001","Others","Others",13,3,303,"Spring",22500,81,"No Reduction","No","Unknown","No","No","No"
"250582A0001","State","Research - Sponsored",8,4,343,"Spring",25000,9,"Reduced Indirect Cost On Campus","No","Unknown","No","No","Yes"
